url,status,title,link_count
"https://www.sensen.com.tw",200,"森森點心坊 – 嘴角上揚的幸福",37
"https://www.sensen.com.tw/%e5%b8%b8%e8%a6%8b%e5%95%8f%e9%a1%8c",200,"常見問題 – 森森點心坊",25
"https://www.sensen.com.tw/%e6%9c%80%e6%96%b0%e6%b6%88%e6%81%af",200,"最新消息 – 森森點心坊",52
"https://www.sensen.com.tw/%e6%9c%80%e6%96%b0%e6%b6%88%e6%81%af/page/10",200,"最新消息 – 第 10 頁 – 森森點心坊",52
"https://www.sensen.com.tw/%e6%9c%80%e6%96%b0%e6%b6%88%e6%81%af/page/11",200,"最新消息 – 第 11 頁 – 森森點心坊",52
"https://www.sensen.com.tw/%e6%9c%80%e6%96%b0%e6%b6%88%e6%81%af/page/12",200,"最新消息 – 第 12 頁 – 森森點心坊",52
"https://www.sensen.com.tw/%e6%9c%80%e6%96%b0%e6%b6%88%e6%81%af/page/13",200,"最新消息 – 第 13 頁 – 森森點心坊",52
"https://www.sensen.com.tw/%e6%9c%80%e6%96%b0%e6%b6%88%e6%81%af/page/14",200,"最新消息 – 第 14 頁 – 森森點心坊",52
"https://www.sensen.com.tw/%e6%9c%80%e6%96%b0%e6%b6%88%e6%81%af/page/15",200,"最新消息 – 第 15 頁 – 森森點心坊",48
"https://www.sensen.com.tw/%e6%9c%80%e6%96%b0%e6%b6%88%e6%81%af/page/2",200,"最新消息 – 第 2 頁 – 森森點心坊",52
"https://www.sensen.com.tw/%e6%9c%80%e6%96%b0%e6%b6%88%e6%81%af/page/3",200,"最新消息 – 第 3 頁 – 森森點心坊",52
"https://www.sensen.com.tw/%e6%9c%80%e6%96%b0%e6%b6%88%e6%81%af/page/4",200,"最新消息 – 第 4 頁 – 森森點心坊",52
"https://www.sensen.com.tw/%e6%9c%80%e6%96%b0%e6%b6%88%e6%81%af/page/5",200,"最新消息 – 第 5 頁 – 森森點心坊",52
"https://www.sensen.com.tw/%e6%9c%80%e6%96%b0%e6%b6%88%e6%81%af/page/6",200,"最新消息 – 第 6 頁 – 森森點心坊",52
"https://www.sensen.com.tw/%e6%9c%80%e6%96%b0%e6%b6%88%e6%81%af/page/7",200,"最新消息 – 第 7 頁 – 森森點心坊",52
"https://www.sensen.com.tw/%e6%9c%80%e6%96%b0%e6%b6%88%e6%81%af/page/8",200,"最新消息 – 第 8 頁 – 森森點心坊",52
"https://www.sensen.com.tw/%e6%9c%80%e6%96%b0%e6%b6%88%e6%81%af/page/9",200,"最新消息 – 第 9 頁 – 森森點心坊",52
"https://www.sensen.com.tw/%e6%a3%ae%e6%a3%ae%e5%92%96%e5%95%a1",200,"森森咖啡 – 森森點心坊",25
"https://www.sensen.com.tw/%E6%A3%AE%E6%A3%AE%E5%92%96%E5%95%A1",200,"森森咖啡 – 森森點心坊",25
"https://www.sensen.com.tw/%e7%94%a2%e5%93%81%e4%bb%8b%e7%b4%b9/%e4%bc%b4%e6%89%8b%e7%a6%ae",200,"伴手禮 – 森森點心坊",35
"https://www.sensen.com.tw/%e7%94%a2%e5%93%81%e4%bb%8b%e7%b4%b9/%e7%94%9f%e6%97%a5%e8%9b%8b%e7%b3%95-%e4%b8%8b%e6%96%b9%e6%9c%89dm%e4%be%9b%e4%b8%8b%e8%bc%89-264",200,"生日蛋糕 (下方有DM供下載) – 森森點心坊",46
"https://www.sensen.com.tw/%e7%94%a2%e5%93%81%e4%bb%8b%e7%b4%b9/%e7%94%9f%e6%97%a5%e8%9b%8b%e7%b3%95-%e4%b8%8b%e6%96%b9%e6%9c%89dm%e4%be%9b%e4%b8%8b%e8%bc%89-264/page/2",200,"生日蛋糕 (下方有DM供下載) – 第 2 頁 – 森森點心坊",33
"https://www.sensen.com.tw/%e7%b2%be%e7%b7%bb%e5%a4%96%e7%87%b4-355",200,"精緻外燴 – 森森點心坊",25
"https://www.sensen.com.tw/%e8%8c%b6%e6%9c%83%e9%bb%9e%e5%bf%83-tea-party",200,"茶會點心 – 森森點心坊",25
"https://www.sensen.com.tw/%e9%96%80%e5%b8%82%e8%b3%87%e8%a8%8a",200,"門市資訊 – 森森點心坊",26
"https://www.sensen.com.tw/%E9%96%80%E5%B8%82%E8%B3%87%E8%A8%8A",200,"門市資訊 – 森森點心坊",26
"https://www.sensen.com.tw/%e9%97%9c%e6%96%bc%e6%a3%ae%e6%a3%ae",200,"關於森森 – 森森點心坊",26
"https://www.sensen.com.tw/%e9%9a%b1%e7%a7%81%e6%ac%8a%e6%a2%9d%e6%ac%be",200,"隱私權條款 – 森森點心坊",25
"https://www.sensen.com.tw/%e9%a0%82%e5%ae%b6%e5%bd%8c%e6%9c%88/%e5%9c%93%e5%9c%93%e6%b4%be-744",200,"圓圓派 – 森森點心坊",25
"https://www.sensen.com.tw/%e9%a0%82%e5%ae%b6%e5%bd%8c%e6%9c%88/%e5%a4%a7%e7%86%8a-%e5%b0%8f%e7%86%8a%e7%a6%ae%e7%9b%92",200,"大熊/小熊禮盒 – 森森點心坊",25
"https://www.sensen.com.tw/%e9%a0%82%e5%ae%b6%e5%bd%8c%e6%9c%88/%e5%bd%8c%e6%9c%88%e8%ac%9d%e5%8d%a1",200,"彌月謝卡 – 森森點心坊",25
"https://www.sensen.com.tw/%e9%a0%82%e5%ae%b6%e5%bd%8c%e6%9c%88/%e5%bd%8c%e6%9c%88%e9%95%b7%e6%a2%9d%e8%9b%8b%e7%b3%95",200,"彌月長條蛋糕 – 森森點心坊",25
"https://www.sensen.com.tw/%e9%a0%82%e5%ae%b6%e5%bd%8c%e6%9c%88/%e6%90%ad%e9%85%8d%e5%96%ae%e5%93%81",200,"搭配單品 – 森森點心坊",25
"https://www.sensen.com.tw/%e9%a0%82%e5%ae%b6%e5%bd%8c%e6%9c%88/%e6%b3%a2%e5%a3%ab%e9%a0%93%e6%b4%be%e7%b3%bb%e5%88%97",200,"波士頓派系列 – 森森點心坊",25
"https://www.sensen.com.tw/%e9%a0%82%e5%ae%b6%e5%bd%8c%e6%9c%88/%e9%a6%99%e6%9d%91%e4%b9%b3%e9%85%aa%e7%a6%ae%e7%9b%92",200,"鄉村乳酪禮盒 – 森森點心坊",25
"https://www.sensen.com.tw/%e9%a0%82%e5%ae%b6%e5%bd%8c%e6%9c%88/taste_apply",200,"彌月試吃申請 – 森森點心坊",25
"https://www.sensen.com.tw/%E9%A0%82%E5%AE%B6%E5%BD%8C%E6%9C%88/taste_apply",200,"彌月試吃申請 – 森森點心坊",25
"https://www.sensen.com.tw/category/latest-news",200,"最新消息 – 森森點心坊",52
"https://www.sensen.com.tw/category/latest-news/page/10",200,"最新消息 – 第 10 頁 – 森森點心坊",57
"https://www.sensen.com.tw/category/latest-news/page/11",200,"最新消息 – 第 11 頁 – 森森點心坊",57
"https://www.sensen.com.tw/category/latest-news/page/12",200,"最新消息 – 第 12 頁 – 森森點心坊",46
"https://www.sensen.com.tw/category/latest-news/page/2",200,"最新消息 – 第 2 頁 – 森森點心坊",57
"https://www.sensen.com.tw/category/latest-news/page/3",200,"最新消息 – 第 3 頁 – 森森點心坊",57
"https://www.sensen.com.tw/category/latest-news/page/4",200,"最新消息 – 第 4 頁 – 森森點心坊",57
"https://www.sensen.com.tw/category/latest-news/page/5",200,"最新消息 – 第 5 頁 – 森森點心坊",57
"https://www.sensen.com.tw/category/latest-news/page/6",200,"最新消息 – 第 6 頁 – 森森點心坊",57
"https://www.sensen.com.tw/category/latest-news/page/7",200,"最新消息 – 第 7 頁 – 森森點心坊",57
"https://www.sensen.com.tw/category/latest-news/page/8",200,"最新消息 – 第 8 頁 – 森森點心坊",57
"https://www.sensen.com.tw/category/latest-news/page/9",200,"最新消息 – 第 9 頁 – 森森點心坊",57
"https://www.sensen.com.tw/category/new-arrival",200,"新品上市 – 森森點心坊",49
"https://www.sensen.com.tw/category/new-arrival/page/2",200,"新品上市 – 第 2 頁 – 森森點心坊",50
"https://www.sensen.com.tw/category/new-arrival/page/3",200,"新品上市 – 第 3 頁 – 森森點心坊",50
"https://www.sensen.com.tw/category/new-arrival/page/4",200,"新品上市 – 第 4 頁 – 森森點心坊",50
"https://www.sensen.com.tw/category/new-arrival/page/5",200,"新品上市 – 第 5 頁 – 森森點心坊",47
"https://www.sensen.com.tw/category/season-only",200,"季節限定 – 森森點心坊",48
"https://www.sensen.com.tw/category/season-only/page/2",200,"季節限定 – 第 2 頁 – 森森點心坊",48
"https://www.sensen.com.tw/category/season-only/page/3",200,"季節限定 – 第 3 頁 – 森森點心坊",39
"https://www.sensen.com.tw/category/sensen-coffee",200,"森森飲品 – 森森點心坊",41
"https://www.sensen.com.tw/contact",200,"連絡我們 – 森森點心坊",25
"https://www.sensen.com.tw/latest-news/%e4%bb%b2%e5%a4%8f88%e6%8a%98",200,"仲夏88折 – 森森點心坊",32
"https://www.sensen.com.tw/latest-news/%e6%96%b0%e5%af%8c%e5%ba%97%e5%b0%88%e5%b1%ac%e5%84%aa%e6%83%a0",200,"新富店專屬優惠 – 森森點心坊",35
"https://www.sensen.com.tw/latest-news/%e6%98%a5%e7%af%80%e7%a6%ae%e7%9b%92-%e8%b2%b710%e9%80%811",200,"春節禮盒 買10送1 – 森森點心坊",33
"https://www.sensen.com.tw/latest-news/%e6%9e%9c%e4%b9%be%e5%a1%94",200,"果乾塔 – 森森點心坊",35
"https://www.sensen.com.tw/latest-news/%e6%a3%ae%e6%a3%ae%e5%90%90%e5%8f%b8",200,"森森吐司 – 森森點心坊",35
"https://www.sensen.com.tw/latest-news/%e6%a3%ae%e6%a3%ae%e8%8d%89%e8%8e%93%e5%ad%a3",200,"森森草莓季 – 森森點心坊",35
"https://www.sensen.com.tw/latest-news/%e6%ad%90%e5%8c%85%e7%b3%bb%e5%88%97",200,"歐包系列 – 森森點心坊",35
"https://www.sensen.com.tw/latest-news/%e7%88%b6%e6%84%9b",200,"父愛 – 森森點心坊",35
"https://www.sensen.com.tw/latest-news/%e8%8d%89%e8%8e%93%e8%8a%99%e8%93%ae%e8%9b%8b%e7%b3%95%e7%9b%92-3",200,"草莓芙蓮蛋糕盒 – 森森點心坊",35
"https://www.sensen.com.tw/latest-news/%e8%8d%89%e8%8e%93%e8%97%8f%e5%bf%83%ef%bc%8d%e5%ad%a3%e7%af%80%e9%99%90%e5%ae%9a",200,"草莓藏心－季節限定 – 森森點心坊",35
"https://www.sensen.com.tw/latest-news/%e9%a4%90%e7%9b%92menu",200,"餐盒MENU – 森森點心坊",34
"https://www.sensen.com.tw/latest-news/%f0%9f%8d%8d%e9%b3%b3%e6%a2%a8%e4%be%86%e4%ba%86%f0%9f%8d%8d",200,"🍍鳳梨來了!🍍 – 森森點心坊",35
"https://www.sensen.com.tw/latest-news/%f0%9f%8d%b9%e6%a3%ae%e6%a3%ae%e5%85%a8%e6%96%b0%e9%a3%b2%e5%93%81%e4%b8%8a%e5%b8%82%f0%9f%8d%b9",200,"🍹森森全新飲品🍹 – 森森點心坊",35
"https://www.sensen.com.tw/latest-news/2022%e6%af%8d%e8%a6%aa%e7%af%80%e8%9b%8b%e7%b3%95-2",200,"2022母親節蛋糕 – 森森點心坊",35
"https://www.sensen.com.tw/latest-news/2023%e6%98%a5%e7%af%80%e4%bc%b4%e6%89%8b%e7%a6%ae",200,"2023春節伴手禮 – 森森點心坊",35
"https://www.sensen.com.tw/latest-news/2023%e7%88%b6%e8%a6%aa%e7%af%80%e8%9b%8b%e7%b3%95",200,"2023父親節蛋糕 – 森森點心坊",35
"https://www.sensen.com.tw/latest-news/2024%e4%b8%ad%e7%a7%8b%e7%a6%ae%e7%9b%92",200,"2024中秋禮盒 – 森森點心坊",35
"https://www.sensen.com.tw/latest-news/2024%e6%96%b0%e6%98%a5%e7%a6%ae%e7%9b%92",200,"2024新春禮盒 – 森森點心坊",35
"https://www.sensen.com.tw/latest-news/2024%e6%af%8d%e8%a6%aa%e7%af%80%e8%9b%8b%e7%b3%95",200,"2024母親節蛋糕 – 森森點心坊",35
"https://www.sensen.com.tw/latest-news/2025%e4%b8%ad%e7%a7%8b%e6%9c%88%e9%a4%85",200,"2025中秋月餅 – 森森點心坊",32
"https://www.sensen.com.tw/latest-news/2025%e6%af%8d%e8%a6%aa%e7%af%80%e8%9b%8b%e7%b3%95%e9%a0%90%e8%b3%bc%e9%96%8b%e8%b7%91",200,"2025母親節蛋糕預購開跑 – 森森點心坊",32
"https://www.sensen.com.tw/latest-news/bebuilder-1930",200,"2024父親節蛋糕預購開跑 – 森森點心坊",35
"https://www.sensen.com.tw/latest-news/bebuilder-2073",200,"2025父親節預購 – 森森點心坊",32
"https://www.sensen.com.tw/new-arrival/%e5%a4%9a%e4%bd%b3%e7%b1%b3%e6%8b%89-2",200,"多佳米拉 – 森森點心坊",38
"https://www.sensen.com.tw/new-arrival/%e8%8a%92%e6%9e%9c%e5%a5%b6%e9%85%aa",200,"芒果奶酪 – 森森點心坊",38
"https://www.sensen.com.tw/new-arrival/%e8%8a%92%e6%9e%9c%e5%a5%b6%e9%9c%b2%e9%ba%b5%e5%8c%85",200,"芒果奶露麵包 – 森森點心坊",38
"https://www.sensen.com.tw/new-arrival/%e8%8a%92%e6%9e%9c%e5%a5%b6%e9%9c%b2%e9%ba%b5%e5%8c%85-2",200,"芒果奶露麵包 – 森森點心坊",38
"https://www.sensen.com.tw/new-arrival/%e8%8a%92%e6%9e%9c%e6%85%95%e6%96%af",200,"芒果慕斯 – 森森點心坊",38
"https://www.sensen.com.tw/new-arrival/%e8%8a%92%e6%9e%9c%e8%9b%8b%e7%b3%95%e7%9b%92",200,"芒果蛋糕盒 – 森森點心坊",38
"https://www.sensen.com.tw/new-arrival/%e8%8d%89%e8%8e%93%e7%94%9c%e5%bf%83-2",200,"草莓甜心 – 森森點心坊",38
"https://www.sensen.com.tw/new-arrival/%e8%8d%89%e8%8e%93%e7%94%9c%e5%bf%83-3",200,"草莓甜心 – 森森點心坊",38
"https://www.sensen.com.tw/new-arrival/%e8%a5%bf%e9%bb%9e%e7%a6%ae%e7%9b%92",200,"西點禮盒 – 森森點心坊",36
"https://www.sensen.com.tw/new-arrival/%e9%a6%99%e8%8a%92%e6%b3%a1%e8%8a%99",200,"香芒泡芙 – 森森點心坊",38
"https://www.sensen.com.tw/new-arrival/%f0%9f%8d%8a%e7%ba%96%e6%a9%99%e5%86%b0%e5%92%96%e5%95%a1%f0%9f%8d%8a",200,"🍊纖橙冰咖啡🍊 – 森森點心坊",38
"https://www.sensen.com.tw/new-arrival/bebuilder-1845",200,"草莓大福 – 森森點心坊",37
"https://www.sensen.com.tw/product-item/%e5%8c%97%e6%a5%b5%e7%86%8a",200,"北極熊 – 森森點心坊",34
"https://www.sensen.com.tw/product-item/%e5%8f%a4%e6%8b%89%e7%93%a6",200,"古拉瓦 – 森森點心坊",35
"https://www.sensen.com.tw/product-item/%e5%8f%af%e6%84%9b%e5%85%94",200,"可愛兔 – 森森點心坊",35
"https://www.sensen.com.tw/product-item/%e5%96%9c%e5%85%ab%e6%9f%b4%e6%9f%b4-259",200,"喜八柴柴 – 森森點心坊",35
"https://www.sensen.com.tw/product-item/%e5%9c%9f%e9%b3%b3%e6%a2%a8%e9%85%a5%e7%a6%ae%e7%9b%92",200,"土鳳梨酥禮盒 – 森森點心坊",34
"https://www.sensen.com.tw/product-item/%e5%a4%aa%e9%99%bd%e9%a4%85%e7%a6%ae%e7%9b%92",200,"經典奶油餅禮盒 – 森森點心坊",32
"https://www.sensen.com.tw/product-item/%e6%89%8b%e5%b7%a5%e8%9b%8b%e6%8d%b2",200,"手工蛋捲 – 森森點心坊",33
"https://www.sensen.com.tw/product-item/%e6%8b%89%e6%8b%89%e7%86%8a",200,"拉拉熊 – 森森點心坊",35
"https://www.sensen.com.tw/product-item/%e6%91%a9%e5%8d%a1",200,"摩卡 – 森森點心坊",35
"https://www.sensen.com.tw/product-item/%e6%97%a5%e5%bc%8f%e5%a4%a7%e7%a6%8f%e7%a6%ae%e7%9b%92",200,"日式大福禮盒 – 森森點心坊",33
"https://www.sensen.com.tw/product-item/%e6%a3%ae%e6%a3%ae%e8%82%89%e9%ac%86%e9%a4%85",200,"森森肉鬆餅 – 森森點心坊",32
"https://www.sensen.com.tw/product-item/%e6%a6%9b%e6%9e%9c%e8%84%86%e5%bf%83%e5%b7%a7%e6%80%9d",200,"榛果脆心巧思 – 森森點心坊",35
"https://www.sensen.com.tw/product-item/%e6%b3%95%e5%bc%8f%e8%9d%b4%e8%9d%b6%e9%85%a5-1657",200,"法式蝴蝶酥 – 森森點心坊",32
"https://www.sensen.com.tw/product-item/%e7%84%a6%e7%b3%96%e6%b4%be%e5%b0%8d-732",200,"焦糖派對 – 森森點心坊",35
"https://www.sensen.com.tw/product-item/%e7%99%be%e9%a6%99%e6%b4%8b%e6%a2%a8-728",200,"百香洋梨 – 森森點心坊",35
"https://www.sensen.com.tw/product-item/%e7%9a%ae%e5%8d%a1%e4%b8%98",200,"皮卡丘 – 森森點心坊",35
"https://www.sensen.com.tw/product-item/%e7%b6%a0%e5%af%b6%e7%9f%b3%e8%90%8a%e6%80%9d%e5%85%8b%e5%ad%a3%e7%af%80%e9%99%90%e5%ae%9a-1870",200,"綠寶石萊思克(季節限定) – 森森點心坊",33
"https://www.sensen.com.tw/product-item/%e7%b9%bd%e7%b4%9b%e4%b8%96%e7%95%8c",200,"繽紛世界 – 森森點心坊",35
"https://www.sensen.com.tw/product-item/%e8%8d%89%e8%8e%93%e8%90%8a%e6%80%9d%e5%85%8b%e5%ad%a3%e7%af%80%e9%99%90%e5%ae%9a-1868",200,"草莓萊思克(季節限定) – 森森點心坊",33
"https://www.sensen.com.tw/product-item/%e8%8e%93%e9%ba%97%e6%9c%b5-245",200,"莓麗朵 – 森森點心坊",35
"https://www.sensen.com.tw/product-item/%e8%9c%98%e8%9b%9b%e4%ba%ba-1157",200,"蜘蛛人 – 森森點心坊",33
"https://www.sensen.com.tw/product-item/%e8%b1%86%e5%a1%94%e7%a6%ae%e7%9b%92",200,"豆塔禮盒 – 森森點心坊",32
"https://www.sensen.com.tw/product-item/%e9%88%95%e6%89%a3%e7%89%9b%e8%bb%8b%e9%a4%85",200,"杏仁千層酥 – 森森點心坊",32
"https://www.sensen.com.tw/product-item/%e9%88%95%e6%89%a3%e9%a4%85%e4%b9%be",200,"鈕釦牛軋餅 – 森森點心坊",34
"https://www.sensen.com.tw/product-item/%e9%9b%aa%e8%8a%99%e8%95%be",200,"雪芙蕾 – 森森點心坊",35
"https://www.sensen.com.tw/product-item/%e9%b3%b3%e6%a2%a8%e9%85%a5%e7%a6%ae%e7%9b%92",200,"達克瓦茲禮盒 – 森森點心坊",34
"https://www.sensen.com.tw/product-item/%e9%bb%83%e8%89%b2%e5%b0%8f%e9%b4%a8-1876",200,"黃色小鴨 – 森森點心坊",33
"https://www.sensen.com.tw/product-item/%e9%bb%91%e6%a3%ae%e6%9e%97",200,"黑森林 – 森森點心坊",35
"https://www.sensen.com.tw/product-item/%e9%bb%91%e7%88%b5%e5%a3%ab-207",200,"黑爵士 – 森森點心坊",35
"https://www.sensen.com.tw/product-item/oreo%e5%86%b0%e6%b7%87%e6%b7%8b%e8%9b%8b%e7%b3%95-1878",200,"OREO – 森森點心坊",33
"https://www.sensen.com.tw/product-types/%e4%bc%b4%e6%89%8b%e7%a6%ae",200,"伴手禮 – 森森點心坊",46
"https://www.sensen.com.tw/sensen-coffee/%e5%a4%9a%e5%a4%9a%e7%b3%bb%e5%88%97",200,"多多系列 – 森森點心坊",38
"https://www.sensen.com.tw/sensen-coffee/%e9%bb%91%e7%b3%96%e9%ae%ae%e5%a5%b6",200,"黑糖鮮奶 – 森森點心坊",38
"https://www.sensen.com.tw/sensen-coffee/%f0%9f%8d%b9%e6%a3%ae%e6%a3%ae%e5%85%a8%e6%96%b0%e9%a3%b2%e5%93%81%e4%b8%8a%e5%b8%82%f0%9f%8d%b9-2",200,"🍹森森全新飲品🍹 – 森森點心坊",39
"https://www.sensen.com.tw/tag/%e5%a5%bd%e5%ba%b7",200,"好康 – 森森點心坊",29
"https://www.sensen.com.tw/tag/%e6%96%b0%e5%93%81",200,"新品 – 森森點心坊",29
"https://www.sensen.com.tw/wp-json",200,"",0
"https://www.sensen.com.tw/wp-json/oembed/1.0/embed?url=https%3A%2F%2Fwww.sensen.com.tw%2F",200,"",0
"https://www.sensen.com.tw/wp-json/oembed/1.0/embed?url=https%3A%2F%2Fwww.sensen.com.tw%2F&",200,"",0
"https://www.sensen.com.tw/wp-json/oembed/1.0/embed?url=https%3A%2F%2Fwww.sensen.com.tw%2F%25e5%25b8%25b8%25e8%25a6%258b%25e5%2595%258f%25e9%25a1%258c%2F",200,"",0
"https://www.sensen.com.tw/wp-json/oembed/1.0/embed?url=https%3A%2F%2Fwww.sensen.com.tw%2F%25e5%25b8%25b8%25e8%25a6%258b%25e5%2595%258f%25e9%25a1%258c%2F&",200,"",0
"https://www.sensen.com.tw/wp-json/oembed/1.0/embed?url=https%3A%2F%2Fwww.sensen.com.tw%2F%25e6%25a3%25ae%25e6%25a3%25ae%25e5%2592%2596%25e5%2595%25a1%2F",200,"",0
"https://www.sensen.com.tw/wp-json/oembed/1.0/embed?url=https%3A%2F%2Fwww.sensen.com.tw%2F%25e6%25a3%25ae%25e6%25a3%25ae%25e5%2592%2596%25e5%2595%25a1%2F&",200,"",0
"https://www.sensen.com.tw/wp-json/oembed/1.0/embed?url=https%3A%2F%2Fwww.sensen.com.tw%2F%25e7%2594%25a2%25e5%2593%2581%25e4%25bb%258b%25e7%25b4%25b9%2F%25e4%25bc%25b4%25e6%2589%258b%25e7%25a6%25ae%2F",200,"",0
"https://www.sensen.com.tw/wp-json/oembed/1.0/embed?url=https%3A%2F%2Fwww.sensen.com.tw%2F%25e7%2594%25a2%25e5%2593%2581%25e4%25bb%258b%25e7%25b4%25b9%2F%25e4%25bc%25b4%25e6%2589%258b%25e7%25a6%25ae%2F&",200,"",0
"https://www.sensen.com.tw/wp-json/oembed/1.0/embed?url=https%3A%2F%2Fwww.sensen.com.tw%2F%25e7%2594%25a2%25e5%2593%2581%25e4%25bb%258b%25e7%25b4%25b9%2F%25e7%2594%259f%25e6%2597%25a5%25e8%259b%258b%25e7%25b3%2595-%25e4%25b8%258b%25e6%2596%25b9%25e6%259c%2589dm%25e4%25be%259b%25e4%25b8%258b%25e8%25bc%2589-264%2F",200,"",0
"https://www.sensen.com.tw/wp-json/oembed/1.0/embed?url=https%3A%2F%2Fwww.sensen.com.tw%2F%25e7%2594%25a2%25e5%2593%2581%25e4%25bb%258b%25e7%25b4%25b9%2F%25e7%2594%259f%25e6%2597%25a5%25e8%259b%258b%25e7%25b3%2595-%25e4%25b8%258b%25e6%2596%25b9%25e6%259c%2589dm%25e4%25be%259b%25e4%25b8%258b%25e8%25bc%2589-264%2F&",200,"",0
"https://www.sensen.com.tw/wp-json/oembed/1.0/embed?url=https%3A%2F%2Fwww.sensen.com.tw%2F%25e7%25b2%25be%25e7%25b7%25bb%25e5%25a4%2596%25e7%2587%25b4-355%2F",200,"",0
"https://www.sensen.com.tw/wp-json/oembed/1.0/embed?url=https%3A%2F%2Fwww.sensen.com.tw%2F%25e7%25b2%25be%25e7%25b7%25bb%25e5%25a4%2596%25e7%2587%25b4-355%2F&",200,"",0
"https://www.sensen.com.tw/wp-json/oembed/1.0/embed?url=https%3A%2F%2Fwww.sensen.com.tw%2F%25e8%258c%25b6%25e6%259c%2583%25e9%25bb%259e%25e5%25bf%2583-tea-party%2F",200,"",0
"https://www.sensen.com.tw/wp-json/oembed/1.0/embed?url=https%3A%2F%2Fwww.sensen.com.tw%2F%25e8%258c%25b6%25e6%259c%2583%25e9%25bb%259e%25e5%25bf%2583-tea-party%2F&",200,"",0
"https://www.sensen.com.tw/wp-json/oembed/1.0/embed?url=https%3A%2F%2Fwww.sensen.com.tw%2F%25e9%2596%2580%25e5%25b8%2582%25e8%25b3%2587%25e8%25a8%258a%2F",200,"",0
"https://www.sensen.com.tw/wp-json/oembed/1.0/embed?url=https%3A%2F%2Fwww.sensen.com.tw%2F%25e9%2596%2580%25e5%25b8%2582%25e8%25b3%2587%25e8%25a8%258a%2F&",200,"",0
"https://www.sensen.com.tw/wp-json/oembed/1.0/embed?url=https%3A%2F%2Fwww.sensen.com.tw%2F%25e9%2597%259c%25e6%2596%25bc%25e6%25a3%25ae%25e6%25a3%25ae%2F",200,"",0
"https://www.sensen.com.tw/wp-json/oembed/1.0/embed?url=https%3A%2F%2Fwww.sensen.com.tw%2F%25e9%2597%259c%25e6%2596%25bc%25e6%25a3%25ae%25e6%25a3%25ae%2F&",200,"",0
"https://www.sensen.com.tw/wp-json/oembed/1.0/embed?url=https%3A%2F%2Fwww.sensen.com.tw%2F%25e9%259a%25b1%25e7%25a7%2581%25e6%25ac%258a%25e6%25a2%259d%25e6%25ac%25be%2F",200,"",0
"https://www.sensen.com.tw/wp-json/oembed/1.0/embed?url=https%3A%2F%2Fwww.sensen.com.tw%2F%25e9%259a%25b1%25e7%25a7%2581%25e6%25ac%258a%25e6%25a2%259d%25e6%25ac%25be%2F&",200,"",0
"https://www.sensen.com.tw/wp-json/oembed/1.0/embed?url=https%3A%2F%2Fwww.sensen.com.tw%2F%25e9%25a0%2582%25e5%25ae%25b6%25e5%25bd%258c%25e6%259c%2588%2F%25e5%259c%2593%25e5%259c%2593%25e6%25b4%25be-744%2F",200,"",0
"https://www.sensen.com.tw/wp-json/oembed/1.0/embed?url=https%3A%2F%2Fwww.sensen.com.tw%2F%25e9%25a0%2582%25e5%25ae%25b6%25e5%25bd%258c%25e6%259c%2588%2F%25e5%259c%2593%25e5%259c%2593%25e6%25b4%25be-744%2F&",200,"",0
"https://www.sensen.com.tw/wp-json/oembed/1.0/embed?url=https%3A%2F%2Fwww.sensen.com.tw%2F%25e9%25a0%2582%25e5%25ae%25b6%25e5%25bd%258c%25e6%259c%2588%2F%25e5%25a4%25a7%25e7%2586%258a-%25e5%25b0%258f%25e7%2586%258a%25e7%25a6%25ae%25e7%259b%2592%2F",200,"",0
"https://www.sensen.com.tw/wp-json/oembed/1.0/embed?url=https%3A%2F%2Fwww.sensen.com.tw%2F%25e9%25a0%2582%25e5%25ae%25b6%25e5%25bd%258c%25e6%259c%2588%2F%25e5%25a4%25a7%25e7%2586%258a-%25e5%25b0%258f%25e7%2586%258a%25e7%25a6%25ae%25e7%259b%2592%2F&",200,"",0
"https://www.sensen.com.tw/wp-json/oembed/1.0/embed?url=https%3A%2F%2Fwww.sensen.com.tw%2F%25e9%25a0%2582%25e5%25ae%25b6%25e5%25bd%258c%25e6%259c%2588%2F%25e5%25bd%258c%25e6%259c%2588%25e8%25ac%259d%25e5%258d%25a1%2F",200,"",0
"https://www.sensen.com.tw/wp-json/oembed/1.0/embed?url=https%3A%2F%2Fwww.sensen.com.tw%2F%25e9%25a0%2582%25e5%25ae%25b6%25e5%25bd%258c%25e6%259c%2588%2F%25e5%25bd%258c%25e6%259c%2588%25e8%25ac%259d%25e5%258d%25a1%2F&",200,"",0
"https://www.sensen.com.tw/wp-json/oembed/1.0/embed?url=https%3A%2F%2Fwww.sensen.com.tw%2F%25e9%25a0%2582%25e5%25ae%25b6%25e5%25bd%258c%25e6%259c%2588%2F%25e5%25bd%258c%25e6%259c%2588%25e9%2595%25b7%25e6%25a2%259d%25e8%259b%258b%25e7%25b3%2595%2F",200,"",0
"https://www.sensen.com.tw/wp-json/oembed/1.0/embed?url=https%3A%2F%2Fwww.sensen.com.tw%2F%25e9%25a0%2582%25e5%25ae%25b6%25e5%25bd%258c%25e6%259c%2588%2F%25e5%25bd%258c%25e6%259c%2588%25e9%2595%25b7%25e6%25a2%259d%25e8%259b%258b%25e7%25b3%2595%2F&",200,"",0
"https://www.sensen.com.tw/wp-json/oembed/1.0/embed?url=https%3A%2F%2Fwww.sensen.com.tw%2F%25e9%25a0%2582%25e5%25ae%25b6%25e5%25bd%258c%25e6%259c%2588%2F%25e6%2590%25ad%25e9%2585%258d%25e5%2596%25ae%25e5%2593%2581%2F",200,"",0
"https://www.sensen.com.tw/wp-json/oembed/1.0/embed?url=https%3A%2F%2Fwww.sensen.com.tw%2F%25e9%25a0%2582%25e5%25ae%25b6%25e5%25bd%258c%25e6%259c%2588%2F%25e6%2590%25ad%25e9%2585%258d%25e5%2596%25ae%25e5%2593%2581%2F&",200,"",0
"https://www.sensen.com.tw/wp-json/oembed/1.0/embed?url=https%3A%2F%2Fwww.sensen.com.tw%2F%25e9%25a0%2582%25e5%25ae%25b6%25e5%25bd%258c%25e6%259c%2588%2F%25e6%25b3%25a2%25e5%25a3%25ab%25e9%25a0%2593%25e6%25b4%25be%25e7%25b3%25bb%25e5%2588%2597%2F",200,"",0
"https://www.sensen.com.tw/wp-json/oembed/1.0/embed?url=https%3A%2F%2Fwww.sensen.com.tw%2F%25e9%25a0%2582%25e5%25ae%25b6%25e5%25bd%258c%25e6%259c%2588%2F%25e6%25b3%25a2%25e5%25a3%25ab%25e9%25a0%2593%25e6%25b4%25be%25e7%25b3%25bb%25e5%2588%2597%2F&",200,"",0
"https://www.sensen.com.tw/wp-json/oembed/1.0/embed?url=https%3A%2F%2Fwww.sensen.com.tw%2F%25e9%25a0%2582%25e5%25ae%25b6%25e5%25bd%258c%25e6%259c%2588%2F%25e9%25a6%2599%25e6%259d%2591%25e4%25b9%25b3%25e9%2585%25aa%25e7%25a6%25ae%25e7%259b%2592%2F",200,"",0
"https://www.sensen.com.tw/wp-json/oembed/1.0/embed?url=https%3A%2F%2Fwww.sensen.com.tw%2F%25e9%25a0%2582%25e5%25ae%25b6%25e5%25bd%258c%25e6%259c%2588%2F%25e9%25a6%2599%25e6%259d%2591%25e4%25b9%25b3%25e9%2585%25aa%25e7%25a6%25ae%25e7%259b%2592%2F&",200,"",0
"https://www.sensen.com.tw/wp-json/oembed/1.0/embed?url=https%3A%2F%2Fwww.sensen.com.tw%2F%25e9%25a0%2582%25e5%25ae%25b6%25e5%25bd%258c%25e6%259c%2588%2Ftaste_apply%2F",200,"",0
"https://www.sensen.com.tw/wp-json/oembed/1.0/embed?url=https%3A%2F%2Fwww.sensen.com.tw%2F%25e9%25a0%2582%25e5%25ae%25b6%25e5%25bd%258c%25e6%259c%2588%2Ftaste_apply%2F&",200,"",0
"https://www.sensen.com.tw/wp-json/oembed/1.0/embed?url=https%3A%2F%2Fwww.sensen.com.tw%2Fcontact%2F",200,"",0
"https://www.sensen.com.tw/wp-json/oembed/1.0/embed?url=https%3A%2F%2Fwww.sensen.com.tw%2Fcontact%2F&",200,"",0
"https://www.sensen.com.tw/wp-json/oembed/1.0/embed?url=https%3A%2F%2Fwww.sensen.com.tw%2Flatest-news%2F%25e4%25bb%25b2%25e5%25a4%258f88%25e6%258a%2598%2F",200,"",0
"https://www.sensen.com.tw/wp-json/oembed/1.0/embed?url=https%3A%2F%2Fwww.sensen.com.tw%2Flatest-news%2F%25e4%25bb%25b2%25e5%25a4%258f88%25e6%258a%2598%2F&",200,"",0
"https://www.sensen.com.tw/wp-json/oembed/1.0/embed?url=https%3A%2F%2Fwww.sensen.com.tw%2Flatest-news%2F%25e6%2598%25a5%25e7%25af%2580%25e7%25a6%25ae%25e7%259b%2592-%25e8%25b2%25b710%25e9%2580%25811%2F",200,"",0
"https://www.sensen.com.tw/wp-json/oembed/1.0/embed?url=https%3A%2F%2Fwww.sensen.com.tw%2Flatest-news%2F%25e6%2598%25a5%25e7%25af%2580%25e7%25a6%25ae%25e7%259b%2592-%25e8%25b2%25b710%25e9%2580%25811%2F&",200,"",0
"https://www.sensen.com.tw/wp-json/oembed/1.0/embed?url=https%3A%2F%2Fwww.sensen.com.tw%2Flatest-news%2F%25e6%25a3%25ae%25e6%25a3%25ae%25e5%2590%2590%25e5%258f%25b8%2F",200,"",0
"https://www.sensen.com.tw/wp-json/oembed/1.0/embed?url=https%3A%2F%2Fwww.sensen.com.tw%2Flatest-news%2F%25e6%25a3%25ae%25e6%25a3%25ae%25e5%2590%2590%25e5%258f%25b8%2F&",200,"",0
"https://www.sensen.com.tw/wp-json/oembed/1.0/embed?url=https%3A%2F%2Fwww.sensen.com.tw%2Flatest-news%2F%25e6%25ad%2590%25e5%258c%2585%25e7%25b3%25bb%25e5%2588%2597%2F",200,"",0
"https://www.sensen.com.tw/wp-json/oembed/1.0/embed?url=https%3A%2F%2Fwww.sensen.com.tw%2Flatest-news%2F%25e9%25a4%2590%25e7%259b%2592menu%2F",200,"",0
"https://www.sensen.com.tw/wp-json/oembed/1.0/embed?url=https%3A%2F%2Fwww.sensen.com.tw%2Flatest-news%2F%25e9%25a4%2590%25e7%259b%2592menu%2F&",200,"",0
"https://www.sensen.com.tw/wp-json/oembed/1.0/embed?url=https%3A%2F%2Fwww.sensen.com.tw%2Flatest-news%2F2025%25e4%25b8%25ad%25e7%25a7%258b%25e6%259c%2588%25e9%25a4%2585%2F",200,"",0
"https://www.sensen.com.tw/wp-json/oembed/1.0/embed?url=https%3A%2F%2Fwww.sensen.com.tw%2Flatest-news%2F2025%25e4%25b8%25ad%25e7%25a7%258b%25e6%259c%2588%25e9%25a4%2585%2F&",200,"",0
"https://www.sensen.com.tw/wp-json/oembed/1.0/embed?url=https%3A%2F%2Fwww.sensen.com.tw%2Flatest-news%2F2025%25e6%25af%258d%25e8%25a6%25aa%25e7%25af%2580%25e8%259b%258b%25e7%25b3%2595%25e9%25a0%2590%25e8%25b3%25bc%25e9%2596%258b%25e8%25b7%2591%2F",200,"",0
"https://www.sensen.com.tw/wp-json/oembed/1.0/embed?url=https%3A%2F%2Fwww.sensen.com.tw%2Flatest-news%2F2025%25e6%25af%258d%25e8%25a6%25aa%25e7%25af%2580%25e8%259b%258b%25e7%25b3%2595%25e9%25a0%2590%25e8%25b3%25bc%25e9%2596%258b%25e8%25b7%2591%2F&",200,"",0
"https://www.sensen.com.tw/wp-json/oembed/1.0/embed?url=https%3A%2F%2Fwww.sensen.com.tw%2Flatest-news%2Fbebuilder-2073%2F",200,"",0
"https://www.sensen.com.tw/wp-json/oembed/1.0/embed?url=https%3A%2F%2Fwww.sensen.com.tw%2Flatest-news%2Fbebuilder-2073%2F&",200,"",0
"https://www.sensen.com.tw/wp-json/oembed/1.0/embed?url=https%3A%2F%2Fwww.sensen.com.tw%2Fproduct-item%2F%25e5%25a4%25aa%25e9%2599%25bd%25e9%25a4%2585%25e7%25a6%25ae%25e7%259b%2592%2F",200,"",0
"https://www.sensen.com.tw/wp-json/oembed/1.0/embed?url=https%3A%2F%2Fwww.sensen.com.tw%2Fproduct-item%2F%25e5%25a4%25aa%25e9%2599%25bd%25e9%25a4%2585%25e7%25a6%25ae%25e7%259b%2592%2F&",200,"",0
"https://www.sensen.com.tw/wp-json/oembed/1.0/embed?url=https%3A%2F%2Fwww.sensen.com.tw%2Fproduct-item%2F%25e6%2589%258b%25e5%25b7%25a5%25e8%259b%258b%25e6%258d%25b2%2F",200,"",0
"https://www.sensen.com.tw/wp-json/oembed/1.0/embed?url=https%3A%2F%2Fwww.sensen.com.tw%2Fproduct-item%2F%25e6%2589%258b%25e5%25b7%25a5%25e8%259b%258b%25e6%258d%25b2%2F&",200,"",0
"https://www.sensen.com.tw/wp-json/oembed/1.0/embed?url=https%3A%2F%2Fwww.sensen.com.tw%2Fproduct-item%2F%25e6%25a3%25ae%25e6%25a3%25ae%25e8%2582%2589%25e9%25ac%2586%25e9%25a4%2585%2F",200,"",0
"https://www.sensen.com.tw/wp-json/oembed/1.0/embed?url=https%3A%2F%2Fwww.sensen.com.tw%2Fproduct-item%2F%25e6%25a3%25ae%25e6%25a3%25ae%25e8%2582%2589%25e9%25ac%2586%25e9%25a4%2585%2F&",200,"",0
"https://www.sensen.com.tw/wp-json/oembed/1.0/embed?url=https%3A%2F%2Fwww.sensen.com.tw%2Fproduct-item%2F%25e6%25b3%2595%25e5%25bc%258f%25e8%259d%25b4%25e8%259d%25b6%25e9%2585%25a5-1657%2F",200,"",0
"https://www.sensen.com.tw/wp-json/oembed/1.0/embed?url=https%3A%2F%2Fwww.sensen.com.tw%2Fproduct-item%2F%25e6%25b3%2595%25e5%25bc%258f%25e8%259d%25b4%25e8%259d%25b6%25e9%2585%25a5-1657%2F&",200,"",0
"https://www.sensen.com.tw/wp-json/oembed/1.0/embed?url=https%3A%2F%2Fwww.sensen.com.tw%2Fproduct-item%2F%25e8%25b1%2586%25e5%25a1%2594%25e7%25a6%25ae%25e7%259b%2592%2F",200,"",0
"https://www.sensen.com.tw/wp-json/oembed/1.0/embed?url=https%3A%2F%2Fwww.sensen.com.tw%2Fproduct-item%2F%25e8%25b1%2586%25e5%25a1%2594%25e7%25a6%25ae%25e7%259b%2592%2F&",200,"",0
"https://www.sensen.com.tw/wp-json/oembed/1.0/embed?url=https%3A%2F%2Fwww.sensen.com.tw%2Fproduct-item%2F%25e9%2588%2595%25e6%2589%25a3%25e7%2589%259b%25e8%25bb%258b%25e9%25a4%2585%2F",200,"",0
"https://www.sensen.com.tw/wp-json/oembed/1.0/embed?url=https%3A%2F%2Fwww.sensen.com.tw%2Fproduct-item%2F%25e9%2588%2595%25e6%2589%25a3%25e7%2589%259b%25e8%25bb%258b%25e9%25a4%2585%2F&",200,"",0
"https://www.sensen.com.tw/wp-json/oembed/1.0/embed?url=https%3A%2F%2Fwww.sensen.com.tw%2Fproduct-item%2F%25e9%2588%2595%25e6%2589%25a3%25e9%25a4%2585%25e4%25b9%25be%2F",200,"",0
"https://www.sensen.com.tw/wp-json/oembed/1.0/embed?url=https%3A%2F%2Fwww.sensen.com.tw%2Fproduct-item%2F%25e9%2588%2595%25e6%2589%25a3%25e9%25a4%2585%25e4%25b9%25be%2F&",200,"",0
"https://www.sensen.com.tw/wp-json/oembed/1.0/embed?url=https%3A%2F%2Fwww.sensen.com.tw%2Fproduct-item%2F%25e9%25b3%25b3%25e6%25a2%25a8%25e9%2585%25a5%25e7%25a6%25ae%25e7%259b%2592%2F",200,"",0
"https://www.sensen.com.tw/wp-json/oembed/1.0/embed?url=https%3A%2F%2Fwww.sensen.com.tw%2Fproduct-item%2F%25e9%25b3%25b3%25e6%25a2%25a8%25e9%2585%25a5%25e7%25a6%25ae%25e7%259b%2592%2F&",200,"",0
"https://www.sensen.com.tw/wp-json/wp/v2/categories/1",200,"",0
"https://www.sensen.com.tw/wp-json/wp/v2/categories/10",200,"",0
"https://www.sensen.com.tw/wp-json/wp/v2/categories/11",200,"",0
"https://www.sensen.com.tw/wp-json/wp/v2/categories/12",200,"",0
"https://www.sensen.com.tw/wp-json/wp/v2/pages/115",200,"",0
"https://www.sensen.com.tw/wp-json/wp/v2/pages/15",200,"",0
"https://www.sensen.com.tw/wp-json/wp/v2/pages/1979",200,"",0
"https://www.sensen.com.tw/wp-json/wp/v2/pages/264",200,"",0
"https://www.sensen.com.tw/wp-json/wp/v2/pages/293",200,"",0
"https://www.sensen.com.tw/wp-json/wp/v2/pages/296",200,"",0
"https://www.sensen.com.tw/wp-json/wp/v2/pages/316",200,"",0
"https://www.sensen.com.tw/wp-json/wp/v2/pages/329",200,"",0
"https://www.sensen.com.tw/wp-json/wp/v2/pages/347",200,"",0
"https://www.sensen.com.tw/wp-json/wp/v2/pages/355",200,"",0
"https://www.sensen.com.tw/wp-json/wp/v2/pages/408",200,"",0
"https://www.sensen.com.tw/wp-json/wp/v2/pages/467",200,"",0
"https://www.sensen.com.tw/wp-json/wp/v2/pages/482",200,"",0
"https://www.sensen.com.tw/wp-json/wp/v2/pages/531",200,"",0
"https://www.sensen.com.tw/wp-json/wp/v2/pages/555",200,"",0
"https://www.sensen.com.tw/wp-json/wp/v2/pages/572",200,"",0
"https://www.sensen.com.tw/wp-json/wp/v2/pages/604",200,"",0
"https://www.sensen.com.tw/wp-json/wp/v2/pages/625",200,"",0
"https://www.sensen.com.tw/wp-json/wp/v2/pages/744",200,"",0
"https://www.sensen.com.tw/wp-json/wp/v2/portfolio/1651",200,"",0
"https://www.sensen.com.tw/wp-json/wp/v2/portfolio/1657",200,"",0
"https://www.sensen.com.tw/wp-json/wp/v2/portfolio/1661",200,"",0
"https://www.sensen.com.tw/wp-json/wp/v2/portfolio/1973",200,"",0
"https://www.sensen.com.tw/wp-json/wp/v2/portfolio/281",200,"",0
"https://www.sensen.com.tw/wp-json/wp/v2/portfolio/285",200,"",0
"https://www.sensen.com.tw/wp-json/wp/v2/portfolio/288",200,"",0
"https://www.sensen.com.tw/wp-json/wp/v2/portfolio/291",200,"",0
"https://www.sensen.com.tw/wp-json/wp/v2/posts/1983",200,"",0
"https://www.sensen.com.tw/wp-json/wp/v2/posts/1997",200,"",0
"https://www.sensen.com.tw/wp-json/wp/v2/posts/2009",200,"",0
"https://www.sensen.com.tw/wp-json/wp/v2/posts/2030",200,"",0
"https://www.sensen.com.tw/wp-json/wp/v2/posts/2057",200,"",0
"https://www.sensen.com.tw/wp-json/wp/v2/posts/2073",200,"",0
"https://www.sensen.com.tw/wp-json/wp/v2/posts/2080",200,"",0
"https://www.sensen.com.tw/wp-json/wp/v2/posts/2086",200,"",0
"https://www.sensen.com.tw/xmlrpc.php?rsd",0,"",0